"trialOrder1","trialOrder2","trialOrder3","trialOrder4","trialOrder5","trialOrder6","trialOrder7","trialOrder8","trialOrder9","trialOrder10","trialOrder11","trialOrder12","trialOrder13","trialOrder14","trialOrder15","trialOrder16","trialOrder17","trialOrder18","trialOrder19","trialOrder20","trialOrder21","trialOrder22","trialOrder23","trialOrder24","trialOrder25"
8,26,36,28,2,23,11,30,15,24,19,35,2,36,13,8,13,35,16,22,8,5,14,3,6
30,18,5,13,31,14,28,19,35,15,1,14,29,26,29,32,25,36,13,3,18,1,1,16,19
18,17,33,10,21,15,1,6,12,10,23,22,3,9,27,10,9,9,27,4,4,26,30,19,24
23,28,13,22,18,11,36,20,33,27,15,11,1,11,10,23,21,17,26,2,29,36,6,30,15
22,19,1,6,5,36,24,27,14,33,9,5,17,33,20,31,22,8,10,36,13,13,36,4,28
35,6,7,16,14,32,7,9,3,12,35,32,25,16,2,33,27,26,25,17,1,21,16,20,36
3,30,18,33,9,10,2,33,22,17,26,4,30,30,36,4,14,3,24,29,30,18,22,31,20
1,4,30,4,25,17,32,1,2,4,8,19,28,35,5,26,35,29,17,35,27,35,9,1,12
12,31,22,23,30,28,15,16,29,29,28,16,33,10,17,14,7,4,8,21,24,17,34,5,4
21,20,21,20,19,22,30,26,30,19,13,28,14,28,16,20,17,18,23,16,32,15,26,25,33
20,2,29,27,32,31,3,3,31,21,14,9,24,1,31,5,31,23,21,7,7,19,24,17,16
17,11,11,3,16,16,35,10,13,11,24,20,15,14,33,16,8,33,12,28,20,25,18,28,1
6,32,16,7,36,5,25,21,23,5,34,1,36,34,3,29,4,11,19,27,21,23,15,7,25
13,14,3,2,23,19,12,25,20,36,31,29,27,4,26,22,6,16,34,10,2,3,17,34,34
36,1,34,12,28,9,19,8,32,3,21,26,16,15,6,9,32,6,28,14,26,7,4,36,22
2,22,27,24,10,27,4,15,9,34,6,25,6,2,30,7,19,1,7,13,22,33,29,11,7
16,3,26,31,1,3,18,7,5,30,20,7,11,29,25,17,16,34,5,11,10,20,23,12,26
26,8,32,19,7,1,23,14,8,9,17,6,9,27,32,28,29,25,22,30,9,16,31,35,31
33,27,9,32,29,30,16,31,26,1,12,36,22,20,18,35,5,30,18,31,6,12,32,6,9
19,25,25,11,22,24,21,36,6,14,16,24,26,18,12,1,34,21,4,5,19,8,2,10,11
11,23,19,18,8,29,33,4,28,35,33,33,21,31,7,30,1,13,20,23,14,22,33,14,32
31,5,12,5,33,4,5,18,17,22,10,8,35,8,23,3,20,28,6,33,17,31,19,26,10
14,15,8,21,13,34,17,24,10,18,4,17,4,19,9,2,2,14,30,9,34,30,13,33,8
27,35,17,36,17,13,31,22,25,23,22,3,12,13,35,34,23,27,3,24,36,2,3,24,18
4,36,6,1,27,21,9,23,1,25,30,30,20,23,14,12,18,20,15,1,5,28,5,18,29
10,34,35,30,15,2,10,5,11,32,27,21,10,12,28,25,12,22,1,20,12,14,28,15,30
24,29,31,17,4,25,34,32,7,16,5,12,23,32,24,13,36,5,35,26,11,11,25,23,23
28,13,2,9,11,33,22,12,27,2,11,18,32,5,21,11,28,24,9,6,28,4,35,29,21
25,33,10,35,3,20,8,11,21,31,36,2,34,25,11,36,33,32,33,34,31,10,10,27,5
15,24,24,8,35,7,27,2,24,13,7,10,5,3,34,24,10,19,14,18,23,27,11,8,35
5,12,23,14,12,12,14,34,34,7,29,31,31,21,22,18,30,12,32,19,16,29,27,13,13
7,21,15,15,20,18,26,29,4,8,25,27,18,24,8,19,26,15,29,8,35,6,20,32,17
34,9,28,25,6,35,29,28,16,6,2,15,13,7,4,15,24,2,31,32,3,34,7,2,2
29,16,20,29,24,26,13,17,36,28,18,23,8,17,15,6,3,31,36,12,15,32,12,21,14
9,7,4,34,34,8,20,13,19,26,32,34,19,22,19,21,15,10,11,25,33,9,21,9,27
32,10,14,26,26,6,6,35,18,20,3,13,7,6,1,27,11,7,2,15,25,24,8,22,3
